{
    "combined_model": {
        "Breathing": [
            0.5496476443714697,
            0.641124022178345,
            0.6860855897475095,
            0.7208510931148272,
            0.777621651394214,
            0.7933285929033392,
            0.8237311065857056,
            0.8404253165995602,
            0.8575324070646451
        ],
        "Holding": [
            0.36979286143790646,
            0.42523913739348684,
            0.4643688540467876,
            0.5008071772280898,
            0.572532203501964,
            0.5931571978935873,
            0.6274320872529235,
            0.6466934378836718,
            0.6844483358023842
        ]
    },
    "coil_model": {
        "Breathing": [
            0.5442923021874088,
            0.6403914251014752,
            0.6869432895858879,
            0.7216150171031711,
            0.7785431319659429,
            0.7940097477359929,
            0.8224952999638153,
            0.8382437491862199,
            0.8544352706156141
        ],
        "Holding": [
            0.39331839233856786,
            0.4603938669896405,
            0.5025345545957162,
            0.5387847876903223,
            0.6090295632610021,
            0.6283481936418155,
            0.6591877775521297,
            0.6770998129387156,
            0.7093925260968207
        ]
    },
    "heat_model": {
        "Breathing": [
            0.44167881587004804,
            0.5231003560575656,
            0.5684316293578198,
            0.6076147001257859,
            0.67770154724827,
            0.6980576798716258,
            0.7377014818790659,
            0.7602787130557378,
            0.7852040874242983
        ],
        "Holding": [
            0.3158654368168986,
            0.3615253670133098,
            0.39735928407182847,
            0.431661375036689,
            0.5028333062225764,
            0.5233070675148676,
            0.5571437255900572,
            0.5791887000114248,
            0.6216993607150685
        ]
    },
    "us_model": {
        "Breathing": [
            0.4498586043413649,
            0.5362581466276127,
            0.5842472223982668,
            0.6233884550491495,
            0.6898812940152285,
            0.7086151779540532,
            0.7467373513056903,
            0.7684533475456642,
            0.7906695121964737
        ],
        "Holding": [
            0.29984622101287206,
            0.3457255286494128,
            0.38337713908974785,
            0.41880211825688307,
            0.49119881377588714,
            0.5110963077260264,
            0.544461026376746,
            0.564625872487916,
            0.6083828476614701
        ]
    }
}