{
    "combined_model": {
        "Breathing": [
            0.6064530773808066,
            0.6999637236523459,
            0.7447337089942789,
            0.7823430053795611,
            0.8399593661877431,
            0.8520771718922593,
            0.8686132755915263,
            0.8780154024196577,
            0.888228242237482
        ],
        "Holding": [
            0.3718994997160973,
            0.4348533974519006,
            0.4792345871526254,
            0.526387460242132,
            0.6165009336323172,
            0.6389138521532994,
            0.6664664254315528,
            0.6781757955482597,
            0.7041562312512769
        ]
    },
    "coil_model": {
        "Breathing": [
            0.5929756175776509,
            0.6861674615613269,
            0.7314645951162725,
            0.7692625212257854,
            0.828910782056678,
            0.8414911353133272,
            0.8583478424394467,
            0.8681936157192348,
            0.8783517818177446
        ],
        "Holding": [
            0.41722426352726977,
            0.4933081241684989,
            0.5403067614651271,
            0.5855609675650723,
            0.6738840728439847,
            0.6947075538036185,
            0.7199174483073627,
            0.732379886587106,
            0.7498324523301623
        ]
    },
    "heat_model": {
        "Breathing": [
            0.4658859875730929,
            0.5415932716012929,
            0.5825705449232452,
            0.6233636629290396,
            0.7063393032397159,
            0.7278117127462421,
            0.7589607153009292,
            0.7763159290144251,
            0.7971370751929676
        ],
        "Holding": [
            0.2997466086746698,
            0.3371893168419999,
            0.36817324463033196,
            0.405059939893742,
            0.49378976576936834,
            0.5175686358584284,
            0.5467507277835996,
            0.561048733102286,
            0.6002097208700344
        ]
    },
    "us_model": {
        "Breathing": [
            0.4976913200058411,
            0.5888825949060168,
            0.6356799774210596,
            0.6790101613955712,
            0.7547334372823091,
            0.7722580936661588,
            0.7975664191255406,
            0.8115253626629737,
            0.8257562304060402
        ],
        "Holding": [
            0.28297300168061224,
            0.3229949647010306,
            0.35546076167567126,
            0.3956217247756349,
            0.48833966431761033,
            0.5106828644654786,
            0.5385275069771147,
            0.5515150776807879,
            0.5915123314306522
        ]
    }
}